source,title,link,published_at,asset,sentiment_category,category_score,bullish_score,bearish_score,regulatory_score,security_score,confidence,market_impact,bullish_matches,bearish_matches,regulatory_matches,security_matches,classification_reason,source_weight,recency_weight,confidence_weight,weighted_news_score,directional_news_score
ambcrypto,PUMP’s price at risk of 15% drop if THIS pattern breaks down – Details,https://ambcrypto.com/pumps-price-at-risk-of-15-drop-if-this-pattern-breaks-down-details/,2026-03-15 00:00:32+00:00,MARKET,Bearish,2,0,2,0,0,Medium,Negative,,drop,,,Bearish has the highest score with a clear margin.,0.9,1.2,0.75,1.62,-1.62
newsbtc,"Bitcoin Probes $73,000 Liquidity Pocket: Is The Next Leg Toward $80,000 Loading?",https://www.newsbtc.com/news/bitcoin/bitcoin-probes-liquidity-pocket/,2026-03-15 00:00:11+00:00,BTC-USD,Neutral,0,0,0,0,0,Low,Neutral,,,,,No category keywords matched the headline.,0.9,1.2,0.5,0.0,0.0
ambcrypto,"Bitcoin Cash holds $440 support, but BCH bears still dominate – Why?",https://ambcrypto.com/bitcoin-cash-holds-440-support-but-bch-bears-still-dominate-why/,2026-03-14 23:00:27+00:00,BTC-USD,Neutral,0,0,0,0,0,Low,Neutral,,,,,No category keywords matched the headline.,0.9,1.2,0.5,0.0,0.0
newsbtc,Bitcoin Fear & Greed Index At COVID- And LUNA-Crash Low — What’s Next?,https://www.newsbtc.com/news/bitcoin/bitcoin-fear-greed-index-at-covid-and-luna-crash-low-whats-next/,2026-03-14 23:00:18+00:00,BTC-USD,Bearish,7,0,7,0,0,High,Negative,,"crash, fear",,,Bearish has the highest score with a clear margin.,0.9,1.2,1.0,7.56,-7.56
cointelegraph,Here’s what happened in crypto today,https://cointelegraph.com/news/what-happened-in-crypto-today?utm_source=rss_feed&utm_medium=rss&utm_campaign=rss_partner_inbound,2026-03-14 22:04:02+00:00,MARKET,Neutral,0,0,0,0,0,Low,Neutral,,,,,No category keywords matched the headline.,1.0,1.2,0.5,0.0,0.0
ambcrypto,Is Ethereum’s $2K range a ‘bear trap’ as ETH staking hits record levels?,https://ambcrypto.com/is-ethereums-2k-range-a-bear-trap-as-eth-staking-hits-record-levels/,2026-03-14 22:00:06+00:00,ETH-USD,Bullish,2,2,0,0,0,Medium,Positive,record,,,,Bullish has the highest score with a clear margin.,0.9,1.2,0.75,1.62,1.62
cointelegraph,Changing Basel rules could unlock 'huge' liquidity for BTC: Analyst,https://cointelegraph.com/news/changing-basel-rules-huge-liquidity-btc?utm_source=rss_feed&utm_medium=rss&utm_campaign=rss_partner_inbound,2026-03-14 21:45:50+00:00,BTC-USD,Neutral,0,0,0,0,0,Low,Neutral,,,,,No category keywords matched the headline.,1.0,1.2,0.5,0.0,0.0
newsbtc,Why The XRP Price Might Crash To $0.87 Before The Bear Market Ends,https://www.newsbtc.com/analysis/xrp/xrp-might-crash-to-0-87/,2026-03-14 21:30:01+00:00,XRP-USD,Bearish,5,0,5,0,0,High,Negative,,crash,,,Bearish has the highest score with a clear margin.,0.9,1.2,1.0,5.4,-5.4
ambcrypto,Solana’s KEY metric flips bullish after 2 months: Can SOL reclaim $93?,https://ambcrypto.com/solanas-key-metric-flips-bullish-after-2-months-can-sol-reclaim-93/,2026-03-14 21:00:04+00:00,SOL-USD,Bullish,4,4,0,0,0,Medium,Positive,bullish,,,,Bullish has the highest score with a clear margin.,0.9,1.2,0.75,3.24,3.24
theblock,Custodia’s five-year fight for a Fed master account effectively ends in 7-3 appeals court loss,https://www.theblock.co/post/393617/custodias-five-year-fight-for-a-fed-master-account-effectively-ends-in-7-3-appeals-court-loss?utm_source=rss&utm_medium=rss,2026-03-14 20:01:33+00:00,MARKET,Neutral,3,0,2,3,0,Low,Negative,,loss,court,,"Top scores are too close: Regulatory=3, Bearish=2.",1.1,1.2,0.5,1.98,-1.98
newsbtc,Solana Key Indicator Flashes First Bullish Signal Since January – Market Rebound Incoming?,https://www.newsbtc.com/news/solana/solana-key-indicator-flashes-first-bullish-signal-since-january-market-rebound-incoming/,2026-03-14 20:00:56+00:00,SOL-USD,Bullish,6,6,0,0,0,High,Positive,"bullish, rebound",,,,Bullish has the highest score with a clear margin.,0.9,1.2,1.0,6.48,6.48
ambcrypto,"Ethereum shorts pile up: Could ETH trigger a squeeze above $2,150?",https://ambcrypto.com/ethereum-shorts-pile-up-could-eth-trigger-a-squeeze-above-2150/,2026-03-14 20:00:35+00:00,ETH-USD,Neutral,0,0,0,0,0,Low,Neutral,,,,,No category keywords matched the headline.,0.9,1.2,0.5,0.0,0.0
decrypt,Tom Lee's BitMine Buys $10.2 Million in ETH Directly From Ethereum Foundation,https://decrypt.co/361162/tom-lees-bitmine-buys-10-million-ethereum-foundation,2026-03-14 19:12:58+00:00,ETH-USD,Neutral,0,0,0,0,0,Low,Neutral,,,,,No category keywords matched the headline.,1.0,1.2,0.5,0.0,0.0
ambcrypto,Solana: Examining if SOL’s 67% drawdown is an ‘attractive entry point’,https://ambcrypto.com/solana-examining-if-sols-67-drawdown-is-an-attractive-entry-point/,2026-03-14 19:00:25+00:00,SOL-USD,Neutral,0,0,0,0,0,Low,Neutral,,,,,No category keywords matched the headline.,0.9,1.2,0.5,0.0,0.0
newsbtc,Strategy’s Bitcoin Bet Now $3.35 Billion In The Red As Saylor Tells Investors To Wait,https://www.newsbtc.com/bitcoin-news/strategys-bitcoin-bet-now-3-35-billion-in-the-red-as-saylor-tells-investors-to-wait/,2026-03-14 18:30:20+00:00,BTC-USD,Neutral,0,0,0,0,0,Low,Neutral,,,,,No category keywords matched the headline.,0.9,1.2,0.5,0.0,0.0
coindesk,Hoskinson might be wrong about the future of decentralized compute,https://www.coindesk.com/opinion/2026/03/14/hoskinson-might-be-wrong-about-the-future-of-decentralized-compute,2026-03-14 18:30:00+00:00,MARKET,Neutral,0,0,0,0,0,Low,Neutral,,,,,No category keywords matched the headline.,1.1,1.2,0.5,0.0,0.0
theblock,"Ethereum Foundation sells 5,000 ETH to Tom Lee’s BitMine in $10 million OTC deal",https://www.theblock.co/post/393614/ethereum-foundation-sells-5000-eth-to-tom-lees-bitmine-in-10-million-otc-deal?utm_source=rss&utm_medium=rss,2026-03-14 18:19:56+00:00,ETH-USD,Neutral,0,0,0,0,0,Low,Neutral,,,,,No category keywords matched the headline.,1.1,1.0,0.5,0.0,0.0
cointelegraph,Former UK Prime Minister Boris Johnson calls Bitcoin a ‘Ponzi scheme’,https://cointelegraph.com/news/boris-johnson-btc-ponzi-scheme?utm_source=rss_feed&utm_medium=rss&utm_campaign=rss_partner_inbound,2026-03-14 18:09:15+00:00,BTC-USD,Neutral,0,0,0,0,0,Low,Neutral,,,,,No category keywords matched the headline.,1.0,1.0,0.5,0.0,0.0
ambcrypto,Bitcoin tops $72K – But THESE signals raise caution for BTC traders,https://ambcrypto.com/bitcoin-tops-72k-but-these-signals-raise-caution-for-btc-traders/,2026-03-14 18:00:58+00:00,BTC-USD,Neutral,0,0,0,0,0,Low,Neutral,,,,,No category keywords matched the headline.,0.9,1.0,0.5,0.0,0.0
coindesk,Crypto’s multi-million F1 sponsorship under fire as Middle East war hits region's biggest events,https://www.coindesk.com/business/2026/03/14/crypto-s-multi-million-f1-sponsorship-under-fire-as-middle-east-war-hits-region-s-biggest-events,2026-03-14 18:00:00+00:00,MARKET,Neutral,0,0,0,0,0,Low,Neutral,,,,,No category keywords matched the headline.,1.1,1.0,0.5,0.0,0.0
coindesk,"Ethereum Foundation sells 5,000 ether to Tom Lee's BitMine in $10.2 million deal",https://www.coindesk.com/business/2026/03/14/ethereum-foundation-sells-5-000-ether-to-tom-lee-s-bitmine-in-usd10-2-million-deal,2026-03-14 17:56:34+00:00,ETH-USD,Neutral,0,0,0,0,0,Low,Neutral,,,,,No category keywords matched the headline.,1.1,1.0,0.5,0.0,0.0
cointelegraph,Bitcoin beats stocks as Strategy's STRC hints at $776M BTC buying potential,https://cointelegraph.com/news/bitcoin-beats-stocks-strategy-strc-776m-btc-buying-potential?utm_source=rss_feed&utm_medium=rss&utm_campaign=rss_partner_inbound,2026-03-14 17:38:08+00:00,BTC-USD,Neutral,0,0,0,0,0,Low,Neutral,,,,,No category keywords matched the headline.,1.0,1.0,0.5,0.0,0.0
coindesk,Boris Johnson calling Bitcoin a ‘Ponzi’ draws rebuttal from Michael Saylor and others,https://www.coindesk.com/business/2026/03/14/boris-johnson-calling-bitcoin-a-ponzi-draws-rebuttal-from-michael-saylor-and-others,2026-03-14 17:18:37+00:00,BTC-USD,Neutral,0,0,0,0,0,Low,Neutral,,,,,No category keywords matched the headline.,1.1,1.0,0.5,0.0,0.0
theblock,"SEC dismisses civil fraud case against BitClout, DeSo founder Nader Al-Naji with prejudice",https://www.theblock.co/post/393611/sec-dismisses-civil-fraud-case-against-bitclout-deso-founder-nader-al-naji-with-prejudice?utm_source=rss&utm_medium=rss,2026-03-14 17:00:58+00:00,MARKET,Security,5,0,0,3,5,High,Negative,,,sec,fraud,Security-related keywords strongly dominate the headline.,1.1,1.0,1.0,5.5,-5.5
ambcrypto,AAVE – What’s next after Blockchain Capital’s $24M deposit meets shrinking exchange supply?,https://ambcrypto.com/aave-whats-next-after-blockchain-capitals-24m-deposit-meets-shrinking-exchange-supply/,2026-03-14 17:00:07+00:00,MARKET,Neutral,0,0,0,0,0,Low,Neutral,,,,,No category keywords matched the headline.,0.9,1.0,0.5,0.0,0.0
newsbtc,"Bitcoin’s Base Case: What To Expect Before The Run-Up Above $100,000",https://www.newsbtc.com/news/bitcoin/bitcoins-base-case-scenario/,2026-03-14 17:00:00+00:00,BTC-USD,Neutral,0,0,0,0,0,Low,Neutral,,,,,No category keywords matched the headline.,0.9,1.0,0.5,0.0,0.0
decrypt,Judge Rejects RICO Claims in Lawsuit Over Pastor-Led Crypto Ponzi Scheme,https://decrypt.co/361084/judge-rejects-rico-claims-in-lawsuit-over-pastor-led-crypto-ponzi-scheme,2026-03-14 16:31:50+00:00,MARKET,Regulatory,5,0,0,5,0,High,Neutral,,,lawsuit,,Regulatory/legal keywords strongly dominate the headline.,1.0,1.0,1.0,5.0,0.0
ambcrypto,Can Solana use USDC beating USDT in ‘Adjusted Transaction Volume’ to outperform Ethereum?,https://ambcrypto.com/can-solana-use-usdc-beating-usdt-in-adjusted-transaction-volume-to-outperform-ethereum/,2026-03-14 16:00:16+00:00,ETH-USD,Neutral,0,0,0,0,0,Low,Neutral,,,,,No category keywords matched the headline.,0.9,1.0,0.5,0.0,0.0
coindesk,"Wall Street pushes tokenized stocks, but institutions aren’t eager to trade them",https://www.coindesk.com/business/2026/03/14/wall-street-pushes-tokenized-stocks-but-institutions-aren-t-eager-to-trade-them,2026-03-14 16:00:00+00:00,MARKET,Neutral,0,0,0,0,0,Low,Neutral,,,,,No category keywords matched the headline.,1.1,1.0,0.5,0.0,0.0
newsbtc,Bitcoin Market Remains Pessimistic Despite Price Reclaiming $70k,https://www.newsbtc.com/news/bitcoin/bitcoin-market-remains-pessimistic-despite-price-reclaiming-70k/,2026-03-14 15:30:54+00:00,BTC-USD,Neutral,0,0,0,0,0,Low,Neutral,,,,,No category keywords matched the headline.,0.9,1.0,0.5,0.0,0.0
ambcrypto,"Binance listing fails to stop NIGHT’s downside, but will that change soon?",https://ambcrypto.com/binance-listing-fails-to-stop-nights-downside-but-will-that-change-soon/,2026-03-14 15:00:29+00:00,BNB-USD,Bullish,2,2,0,0,0,Medium,Positive,listing,,,,Bullish has the highest score with a clear margin.,0.9,1.0,0.75,1.35,1.35
coindesk,Brazil industry giants representing 850 companies decry stablecoin tax threat,https://www.coindesk.com/business/2026/03/14/brazil-industry-giants-representing-850-companies-decry-stablecoin-tax-threat,2026-03-14 14:58:14+00:00,MARKET,Neutral,0,0,0,0,0,Low,Neutral,,,,,No category keywords matched the headline.,1.1,1.0,0.5,0.0,0.0
decrypt,Bitcoin Hit a Major Milestone—Most Miners Won't Be Around for the Next One,https://decrypt.co/361137/bitcoin-major-milestone-miners,2026-03-14 14:07:30+00:00,BTC-USD,Bullish,2,2,0,0,0,Medium,Positive,milestone,,,,Bullish has the highest score with a clear margin.,1.0,1.0,0.75,1.5,1.5
ambcrypto,How Hyperliquid’s $1.2B daily volume could reshape oil price discovery,https://ambcrypto.com/how-hyperliquids-1-2b-daily-volume-could-reshape-oil-price-discovery/,2026-03-14 14:00:45+00:00,MARKET,Neutral,0,0,0,0,0,Low,Neutral,,,,,No category keywords matched the headline.,0.9,1.0,0.5,0.0,0.0
newsbtc,XRP Chart History Sparks Speculation Of $8.6 Price Target,https://www.newsbtc.com/analysis/xrp/xrp-chart-history-sparks-speculation-of-8-6-price-target/,2026-03-14 14:00:21+00:00,XRP-USD,Neutral,0,0,0,0,0,Low,Neutral,,,,,No category keywords matched the headline.,0.9,1.0,0.5,0.0,0.0
coindesk,The math behind Strategy’s path to 1 million bitcoin by the end of 2026,https://www.coindesk.com/markets/2026/03/14/the-math-behind-strategy-s-path-to-1-million-bitcoin-by-the-end-of-2026,2026-03-14 14:00:00+00:00,BTC-USD,Neutral,0,0,0,0,0,Low,Neutral,,,,,No category keywords matched the headline.,1.1,1.0,0.5,0.0,0.0
coindesk,"AI developers may not be keen on crypto, but stablecoins are the secret to agentic finance, crypto insiders say",https://www.coindesk.com/business/2026/03/14/ai-developers-may-not-be-keen-on-crypto-but-stablecoins-are-the-secret-to-agentic-finance-crypto-insiders-say,2026-03-14 14:00:00+00:00,MARKET,Neutral,0,0,0,0,0,Low,Neutral,,,,,No category keywords matched the headline.,1.1,1.0,0.5,0.0,0.0
cointelegraph,Balaji calls for more ‘crypto tools’ for refugees amid Middle East tensions,https://cointelegraph.com/news/balaji-calls-for-crypto-tools-for-refugees-stateless-people?utm_source=rss_feed&utm_medium=rss&utm_campaign=rss_partner_inbound,2026-03-14 13:05:18+00:00,MARKET,Neutral,0,0,0,0,0,Low,Neutral,,,,,No category keywords matched the headline.,1.0,1.0,0.5,0.0,0.0
ambcrypto,"Will Ethereum’s price target $2,150 liquidity zone after whales’ $75M transfer?",https://ambcrypto.com/will-ethereums-price-target-2150-liquidity-zone-after-whales-move-eth-worth-75m/,2026-03-14 13:00:03+00:00,ETH-USD,Neutral,0,0,0,0,0,Low,Neutral,,,,,No category keywords matched the headline.,0.9,1.0,0.5,0.0,0.0
theblock,IRS crypto reporting rules set stage for confusing tax season: Here’s what you need to know,https://www.theblock.co/post/393574/irs-crypto-reporting-rules-set-stage-for-confusing-tax-season-heres-what-you-need-to-know?utm_source=rss&utm_medium=rss,2026-03-14 12:31:01+00:00,MARKET,Neutral,0,0,0,0,0,Low,Neutral,,,,,No category keywords matched the headline.,1.1,1.0,0.5,0.0,0.0
newsbtc,Dogecoin Price Can Still Cross $1: Historical Cycle Performance Points To 750% Rally,https://www.newsbtc.com/news/dogecoin/dogecoin-price-cross-1/,2026-03-14 12:30:33+00:00,DOGE-USD,Bullish,3,3,0,0,0,Medium,Positive,rally,,,,Bullish has the highest score with a clear margin.,0.9,1.0,0.75,2.025,2.025
cointelegraph,Crypto can fight money laundering without stifling financial freedom,https://cointelegraph.com/news/crypto-can-fight-money-laundering?utm_source=rss_feed&utm_medium=rss&utm_campaign=rss_partner_inbound,2026-03-14 12:30:00+00:00,MARKET,Neutral,0,0,0,0,0,Low,Neutral,,,,,No category keywords matched the headline.,1.0,1.0,0.5,0.0,0.0
ambcrypto,"Bitcoin – Supply shock next after exchange reserves’ cycle lows, surge in ETF demand?",https://ambcrypto.com/bitcoin-is-a-supply-shock-next-after-exchange-reserves-cycle-lows-surge-in-etf-demand/,2026-03-14 12:00:31+00:00,BTC-USD,Neutral,3,3,0,2,0,Low,Positive,surge,,etf,,"Top scores are too close: Bullish=3, Regulatory=2.",0.9,1.0,0.5,1.35,1.35
newsbtc,"Bitcoin Foundation For A Mid-Term Breakout Remains Thin, Cost Basis Data Shows",https://www.newsbtc.com/bitcoin-news/bitcoin-foundation-mid-term-breakout-cost-basis/,2026-03-14 11:00:10+00:00,BTC-USD,Bullish,3,3,0,0,0,Medium,Positive,breakout,,,,Bullish has the highest score with a clear margin.,0.9,1.0,0.75,2.025,2.025
ambcrypto,FUD meets funding! Why Bitcoin’s immunity against geopolitical risks might be running out,https://ambcrypto.com/fud-meets-funding-why-bitcoins-immunity-against-geopolitical-risks-might-be-running-out/,2026-03-14 11:00:06+00:00,BTC-USD,Bullish,2,2,0,0,0,Medium,Positive,funding,,,,Bullish has the highest score with a clear margin.,0.9,1.0,0.75,1.35,1.35
cointelegraph,USDC market cap nears record $80B amid ‘capital flight’ in UAE: Analyst,https://cointelegraph.com/news/usdc-market-cap-nears-80b-uae-capital-flight-analyst?utm_source=rss_feed&utm_medium=rss&utm_campaign=rss_partner_inbound,2026-03-14 10:43:55+00:00,MARKET,Bullish,2,2,0,0,0,Medium,Positive,record,,,,Bullish has the highest score with a clear margin.,1.0,1.0,0.75,1.5,1.5
cryptonews,Custodia Bank Loses Final Court Appeal Over Federal Reserve Master Account,https://cryptonews.com/news/custodia-bank-loses-final-court-appeal-over-federal-reserve-master-account/,2026-03-14 10:32:00+00:00,MARKET,Regulatory,3,0,0,3,0,Medium,Neutral,,,court,,Regulatory has the highest score with a clear margin.,0.95,1.0,0.75,2.1375,0.0
ambcrypto,"Boris Johnson slams Bitcoin as ‘Ponzi scheme,’ triggers community backlash",https://ambcrypto.com/boris-johnson-slams-bitcoin-as-ponzi-scheme-triggers-community-backlash/,2026-03-14 09:45:41+00:00,BTC-USD,Neutral,0,0,0,0,0,Low,Neutral,,,,,No category keywords matched the headline.,0.9,1.0,0.5,0.0,0.0
cryptonews,Billionaire Says Stablecoins Could Power Global Payments in 10–15 Years,https://cryptonews.com/news/billionaire-says-stablecoins-could-power-global-payments-in-10-15-years/,2026-03-14 09:26:29+00:00,MARKET,Neutral,0,0,0,0,0,Low,Neutral,,,,,No category keywords matched the headline.,0.95,1.0,0.5,0.0,0.0
ambcrypto,All the reasons why WLFI’s price is ready for a bearish continuation move now,https://ambcrypto.com/all-the-reasons-why-wlfis-price-is-ready-for-a-bearish-continuation-move-now/,2026-03-14 09:00:07+00:00,MARKET,Bearish,4,0,4,0,0,Medium,Negative,,bearish,,,Bearish has the highest score with a clear margin.,0.9,1.0,0.75,2.7,-2.7
cryptonews,TRUMP Memecoin Investors Offered Mar-a-Lago Presidential Meeting,https://cryptonews.com/news/trump-meme-coin-investors-rescheduled-meeting/,2026-03-14 09:00:00+00:00,MARKET,Neutral,0,0,0,0,0,Low,Neutral,,,,,No category keywords matched the headline.,0.95,1.0,0.5,0.0,0.0
cointelegraph,Spot Bitcoin ETFs extend inflow streak to five days for first time in 2026,https://cointelegraph.com/news/spot-bitcoin-etfs-five-day-inflow-streak-2026?utm_source=rss_feed&utm_medium=rss&utm_campaign=rss_partner_inbound,2026-03-14 08:11:32+00:00,BTC-USD,Bullish,3,3,0,0,0,Medium,Positive,inflow,,,,Bullish has the highest score with a clear margin.,1.0,1.0,0.75,2.25,2.25
cryptonews,Trump Meme Coin Jumps 60% After Promoters Advertise Mar-a-Lago Gala,https://cryptonews.com/news/trump-meme-coin-jumps-60-after-promoters-advertise-mar-a-lago-gala/,2026-03-14 08:04:54+00:00,MARKET,Bullish,2,2,0,0,0,Medium,Positive,jumps,,,,Bullish has the highest score with a clear margin.,0.95,1.0,0.75,1.425,1.425
coindesk,"Bitcoin holds $71,000 despite Trump warning of strikes on Iran's oil-rich Kharg Island",https://www.coindesk.com/markets/2026/03/14/bitcoin-holds-usd71-000-despite-trump-warning-after-iran-oil-strikes,2026-03-14 06:08:27+00:00,BTC-USD,Bearish,2,0,2,0,0,Medium,Negative,,warning,,,Bearish has the highest score with a clear margin.,1.1,1.0,0.75,1.65,-1.65
cointelegraph,BlackRock says 'exotic' crypto ETFs not part of its strategy,https://cointelegraph.com/news/blackrock-wont-consider-exotic-crypto-etfs?utm_source=rss_feed&utm_medium=rss&utm_campaign=rss_partner_inbound,2026-03-14 04:52:48+00:00,MARKET,Neutral,0,0,0,0,0,Low,Neutral,,,,,No category keywords matched the headline.,1.0,1.0,0.5,0.0,0.0
coindesk,"Bitcoin can survive 72% of the world's submarine cables being cut, but a targeted attack on five hosting providers could cripple it",https://www.coindesk.com/markets/2026/03/13/bitcoin-can-survive-72-of-the-world-s-submarine-cables-being-cut-but-a-targeted-attack-on-five-hosting-providers-could-cripple-it,2026-03-14 03:30:00+00:00,BTC-USD,Security,4,0,0,0,4,Medium,Negative,,,,attack,Security has the highest score with a clear margin.,1.1,1.0,0.75,3.3,-3.3
cointelegraph,Stablecoins could form backbone of global payments in 10 years: Billionaire,https://cointelegraph.com/news/stablecoins-power-global-payments-10-years-stanley-druckenmiller?utm_source=rss_feed&utm_medium=rss&utm_campaign=rss_partner_inbound,2026-03-14 01:22:32+00:00,MARKET,Neutral,0,0,0,0,0,Low,Neutral,,,,,No category keywords matched the headline.,1.0,1.0,0.5,0.0,0.0
cointelegraph,"Bitcoin nearly overtakes $74K, as data suggests bear market is not over",https://cointelegraph.com/news/bitcoin-nearly-overtakes-dollar74k-as-data-suggests-bear-market-is-not-over?utm_source=rss_feed&utm_medium=rss&utm_campaign=rss_partner_inbound,2026-03-14 01:06:31+00:00,BTC-USD,Neutral,0,0,0,0,0,Low,Neutral,,,,,No category keywords matched the headline.,1.0,1.0,0.5,0.0,0.0
cointelegraph,Federal court ends Custodia Bank's legal bid for a master account,https://cointelegraph.com/news/federal-court-ends-custodia-bank-s-legal-bid-for-a-master-account?utm_source=rss_feed&utm_medium=rss&utm_campaign=rss_partner_inbound,2026-03-13 23:57:17+00:00,MARKET,Regulatory,3,0,0,3,0,Medium,Neutral,,,court,,Regulatory has the highest score with a clear margin.,1.0,0.85,0.75,1.9125,0.0
coindesk,A huge gap between network use and token value is the most important thing happening in XRP right now,https://www.coindesk.com/markets/2026/03/13/dnp-xrp-ledger-activity-is-hitting-records-but-why-are-xrp-prices-down-62-from-peak,2026-03-13 23:30:00+00:00,XRP-USD,Neutral,0,0,0,0,0,Low,Neutral,,,,,No category keywords matched the headline.,1.1,0.85,0.5,0.0,0.0
cryptonews,XRP Price Prediction: Ripple Says Big Companies May Start Using Crypto for Payroll and Payments – Is XRP About to Explode?,https://cryptonews.com/news/xrp-price-prediction-ripple-says-big-companies-may-start-using-crypto-for-payroll-and-payments-is-xrp-about-to-explode/,2026-03-13 23:20:00+00:00,XRP-USD,Neutral,0,0,0,0,0,Low,Neutral,,,,,No category keywords matched the headline.,0.95,0.85,0.5,0.0,0.0
cryptonews,Solana Price Prediction: Buying Pressure Just Doubled — Is SOL About to Explode Past $100?,https://cryptonews.com/news/solana-price-prediction-buying-pressure-just-doubled-is-sol-about-to-explode-past-100/,2026-03-13 23:15:00+00:00,SOL-USD,Neutral,0,0,0,0,0,Low,Neutral,,,,,No category keywords matched the headline.,0.95,0.85,0.5,0.0,0.0
cryptonews,"Crypto Price Prediction Today 13 March – XRP, Pi Coin, TRUMP",https://cryptonews.com/news/crypto-price-prediction-today-13-march-xrp-pi-coin-trump/,2026-03-13 22:35:00+00:00,XRP-USD,Neutral,0,0,0,0,0,Low,Neutral,,,,,No category keywords matched the headline.,0.95,0.85,0.5,0.0,0.0
cryptonews,"China’s Alibaba AI Predicts the Price of XRP, Bitcoin and Ethereum by The End of 2026",https://cryptonews.com/news/chinas-alibaba-ai-predicts-the-price-of-xrp-bitcoin-and-ethereum-by-the-end-of-2026/,2026-03-13 22:30:00+00:00,BTC-USD,Neutral,0,0,0,0,0,Low,Neutral,,,,,No category keywords matched the headline.,0.95,0.85,0.5,0.0,0.0
cryptonews,Bitcoin Price Prediction: BTC Hits Weekly High Despite US–Iran War Fears — What Do Bulls Know?,https://cryptonews.com/news/bitcoin-price-prediction-btc-hits-weekly-high-despite-us-iran-war-fears-what-do-bulls-know/,2026-03-13 22:10:00+00:00,BTC-USD,Neutral,0,0,0,0,0,Low,Neutral,,,,,No category keywords matched the headline.,0.95,0.85,0.5,0.0,0.0
cryptonews,Ethereum Price Prediction: BlackRock Just Launched a Staked ETH ETF — Is Wall Street About to Pile In?,https://cryptonews.com/news/ethereum-price-prediction-blackrock-just-launched-a-staked-eth-etf-is-wall-street-about-to-pile-in/,2026-03-13 22:00:00+00:00,ETH-USD,Regulatory,2,0,0,2,0,Medium,Neutral,,,etf,,Regulatory has the highest score with a clear margin.,0.95,0.85,0.75,1.2112,0.0
cryptonews,DOJ and Europol Dismantle Crypto-Linked Proxy Network SocksEscort in Joint Action,https://cryptonews.com/news/doj-europol-dismantle-crypto-proxy-network-socksescort/,2026-03-13 22:00:00+00:00,MARKET,Neutral,0,0,0,0,0,Low,Neutral,,,,,No category keywords matched the headline.,0.95,0.85,0.5,0.0,0.0
coindesk,Court closes Custodia fight with Federal Reserve just as Fed opens master-account door,https://www.coindesk.com/policy/2026/03/13/court-closes-custodia-fight-with-federal-reserve-just-as-fed-opens-master-account-door,2026-03-13 21:04:03+00:00,MARKET,Regulatory,3,0,0,3,0,Medium,Neutral,,,court,,Regulatory has the highest score with a clear margin.,1.1,0.85,0.75,2.1038,0.0
cointelegraph,"BPI targets August for BTC tax relief, but warns time is running out",https://cointelegraph.com/news/bpi-targets-august-btc-tax-relief-warns-time-running-out?utm_source=rss_feed&utm_medium=rss&utm_campaign=rss_partner_inbound,2026-03-13 21:01:21+00:00,BTC-USD,Neutral,0,0,0,0,0,Low,Neutral,,,,,No category keywords matched the headline.,1.0,0.85,0.5,0.0,0.0
cointelegraph,Circle‘s USDC overtook Tether‘s USDT in adjusted YTD volume: Mizuho,https://cointelegraph.com/news/circle-usdc-tether-usdt-adjusted-ytd-volume-mizuho?utm_source=rss_feed&utm_medium=rss&utm_campaign=rss_partner_inbound,2026-03-13 20:54:15+00:00,MARKET,Neutral,0,0,0,0,0,Low,Neutral,,,,,No category keywords matched the headline.,1.0,0.85,0.5,0.0,0.0
cointelegraph,"Ether accumulation data predicts rally to $2.8K, but there’s a catch",https://cointelegraph.com/news/ether-accumulation-data-predicts-rally-to-dollar2-8k-but-there-s-a-catch?utm_source=rss_feed&utm_medium=rss&utm_campaign=rss_partner_inbound,2026-03-13 20:34:28+00:00,ETH-USD,Bullish,3,3,0,0,0,Medium,Positive,rally,,,,Bullish has the highest score with a clear margin.,1.0,0.85,0.75,1.9125,1.9125
theblock,"Billionaire investor Druckenmiller says ‘quicker, cheaper’ stablecoins could power payments in 10-15 years",https://www.theblock.co/post/393588/billionaire-investor-druckenmiller-quicker-cheaper-stablecoins-power-payments-10-15-years?utm_source=rss&utm_medium=rss,2026-03-13 20:03:52+00:00,MARKET,Neutral,0,0,0,0,0,Low,Neutral,,,,,No category keywords matched the headline.,1.1,0.85,0.5,0.0,0.0
cointelegraph,Crypto Biz: Circle stock defies Wall Street and digital asset selloff,https://cointelegraph.com/news/circle-stock-stablecoin-growth-canaan-bitcoin-wells-fargo-crypto?utm_source=rss_feed&utm_medium=rss&utm_campaign=rss_partner_inbound,2026-03-13 20:00:00+00:00,MARKET,Bearish,4,0,4,0,0,Medium,Negative,,selloff,,,Bearish has the highest score with a clear margin.,1.0,0.85,0.75,2.55,-2.55
coindesk,Circle overtakes BlackRock in tokenized Treasuries as market hits record $11 billion,https://www.coindesk.com/markets/2026/03/13/circle-overtakes-blackrock-in-tokenized-treasuries-as-market-hits-record-usd11-billion,2026-03-13 19:41:14+00:00,MARKET,Bullish,2,2,0,0,0,Medium,Positive,record,,,,Bullish has the highest score with a clear margin.,1.1,0.85,0.75,1.4025,1.4025
decrypt,FBI Investigating After Malware Found Lurking in Steam PC Games,https://decrypt.co/361070/fbi-investigating-malware-steam-pc-games,2026-03-13 19:23:20+00:00,MARKET,Security,4,0,0,0,4,Medium,Negative,,,,malware,Security has the highest score with a clear margin.,1.0,0.85,0.75,2.55,-2.55
cointelegraph,Key Bitcoin price levels to watch as BTC nears new monthly highs,https://cointelegraph.com/news/key-bitcoin-price-levels-to-watch-as-btc-nears-new-monthly-highs?utm_source=rss_feed&utm_medium=rss&utm_campaign=rss_partner_inbound,2026-03-13 19:13:03+00:00,BTC-USD,Neutral,0,0,0,0,0,Low,Neutral,,,,,No category keywords matched the headline.,1.0,0.85,0.5,0.0,0.0
decrypt,"Trump Meme Coin Price, Trading Volume Skyrocket as Holders Vie for Exclusive Event Access",https://decrypt.co/361063/trump-meme-coin-price-trading-volume-skyrocket-exclusive-event,2026-03-13 19:04:44+00:00,MARKET,Neutral,0,0,0,0,0,Low,Neutral,,,,,No category keywords matched the headline.,1.0,0.85,0.5,0.0,0.0
theblock,How Superstate tokenized Galaxy’s stock and what’s coming next,https://www.theblock.co/post/393578/how-superstate-tokenized-galaxys-stock-and-whats-coming-next?utm_source=rss&utm_medium=rss,2026-03-13 18:48:59+00:00,MARKET,Neutral,0,0,0,0,0,Low,Neutral,,,,,No category keywords matched the headline.,1.1,0.85,0.5,0.0,0.0
decrypt,Kraken-Linked SPAC Could Target Crypto Firm Valued at Up to $10 Billion,https://decrypt.co/361042/kraken-linked-spac-could-target-crypto-firm-10-billion,2026-03-13 18:33:24+00:00,MARKET,Neutral,0,0,0,0,0,Low,Neutral,,,,,No category keywords matched the headline.,1.0,0.85,0.5,0.0,0.0
cointelegraph,"Price predictions 3/13: BTC, ETH, BNB, XRP, SOL, DOGE, HYPE, ADA, BCH, XMR",https://cointelegraph.com/news/price-predictions-3-13-btc-eth-bnb-xrp-sol-doge-hype-ada-bch-xmr?utm_source=rss_feed&utm_medium=rss&utm_campaign=rss_partner_inbound,2026-03-13 18:22:48+00:00,BTC-USD,Neutral,0,0,0,0,0,Low,Neutral,,,,,No category keywords matched the headline.,1.0,0.85,0.5,0.0,0.0
bitcoin_magazine,"AI Pivot Won’t Save Everyone, Wintermute Tells Bitcoin Miners",https://bitcoinmagazine.com/news/ai-pivot-wont-save-bitcoin-miners,2026-03-13 18:20:56+00:00,BTC-USD,Neutral,0,0,0,0,0,Low,Neutral,,,,,No category keywords matched the headline.,0.95,0.85,0.5,0.0,0.0
decrypt,Billionaire Investor Stanley Druckenmiller Bullish on Stablecoin Growth,https://decrypt.co/361056/billionaire-investor-stanley-druckenmiller-bullish-stablecoin-growth,2026-03-13 18:05:45+00:00,MARKET,Bullish,4,4,0,0,0,Medium,Positive,bullish,,,,Bullish has the highest score with a clear margin.,1.0,0.85,0.75,2.55,2.55
cointelegraph,'Gold is not a store of value anymore' — Mike McGlone predicts a 2008-like setup,https://cointelegraph.com/news/gold-not-store-of-value-anymore-mike-mcglone-predicts-2008-like-market-setup?utm_source=rss_feed&utm_medium=rss&utm_campaign=rss_partner_inbound,2026-03-13 17:55:49+00:00,MARKET,Neutral,0,0,0,0,0,Low,Neutral,,,,,No category keywords matched the headline.,1.0,0.85,0.5,0.0,0.0
cointelegraph,Ethereum Foundation publishes mandate clarifying role and goals,https://cointelegraph.com/news/ethereum-foundation-mandate-role-goals?utm_source=rss_feed&utm_medium=rss&utm_campaign=rss_partner_inbound,2026-03-13 17:32:01+00:00,ETH-USD,Neutral,0,0,0,0,0,Low,Neutral,,,,,No category keywords matched the headline.,1.0,0.85,0.5,0.0,0.0
coindesk,Arthur Hayes: Strong Revenue and Real Trading Could Send HYPE to $150,https://www.coindesk.com/markets/2026/03/13/arthur-hayes-says-hyperliquid-s-hype-token-could-reach-usd150-by-2026,2026-03-13 17:17:24+00:00,MARKET,Neutral,1,1,0,0,0,Low,Positive,strong,,,,"Top scores are too close: Bullish=1, Bearish=0.",1.1,0.85,0.5,0.4675,0.4675
theblock,Ethereum Foundation publishes mandate outlining its role as ‘one of many stewards’ of the network,https://www.theblock.co/post/393563/ethereum-foundation-mandate-role-one-of-many-stewards-network?utm_source=rss&utm_medium=rss,2026-03-13 17:11:38+00:00,ETH-USD,Neutral,0,0,0,0,0,Low,Neutral,,,,,No category keywords matched the headline.,1.1,0.85,0.5,0.0,0.0
bitcoin_magazine,South African Eskom Considering Discount Power for Bitcoin Miners as Solar Creates Surplus,https://bitcoinmagazine.com/news/south-african-eskom-discount-power-bitcoin,2026-03-13 17:02:20+00:00,BTC-USD,Neutral,0,0,0,0,0,Low,Neutral,,,,,No category keywords matched the headline.,0.95,0.85,0.5,0.0,0.0
theblock,"The Daily: Crypto whale loses almost $50M in DeFi swap, BlackRock’s staked Ethereum ETF sees ‘very solid’ debut, and more",https://www.theblock.co/post/393565/the-daily-crypto-whale-loses-almost-50m-in-defi-swap-blackrocks-staked-ethereum-etf-sees-very-solid-debut-and-more?utm_source=rss&utm_medium=rss,2026-03-13 16:55:43+00:00,ETH-USD,Regulatory,2,0,0,2,0,Medium,Neutral,,,etf,,Regulatory has the highest score with a clear margin.,1.1,0.85,0.75,1.4025,0.0
cointelegraph,Ethereum accumulation wallets jump 30%: Will ETH price follow?,https://cointelegraph.com/news/ethereum-accumulation-wallets-jump-30-percent-wil-eth-price-follow?utm_source=rss_feed&utm_medium=rss&utm_campaign=rss_partner_inbound,2026-03-13 16:49:56+00:00,ETH-USD,Bullish,2,2,0,0,0,Medium,Positive,jump,,,,Bullish has the highest score with a clear margin.,1.0,0.85,0.75,1.275,1.275
cointelegraph,KuCoin launches perpetual futures tracking Tesla and Strategy stocks,https://cointelegraph.com/news/kucoin-perpetual-futures-tracking-tesla-strategy-stocks?utm_source=rss_feed&utm_medium=rss&utm_campaign=rss_partner_inbound,2026-03-13 16:38:18+00:00,MARKET,Neutral,0,0,0,0,0,Low,Neutral,,,,,No category keywords matched the headline.,1.0,0.85,0.5,0.0,0.0
decrypt,US Treasury Sanctions Alleged $800 Million North Korean IT Worker Fraud Operation,https://decrypt.co/361043/us-treasury-sanctions-alleged-800-million-north-korean-fraud-operation,2026-03-13 16:37:44+00:00,MARKET,Security,5,0,0,0,5,High,Negative,,,,fraud,Security-related keywords strongly dominate the headline.,1.0,0.85,1.0,4.25,-4.25
coindesk,Bitcoin quickly drops 3.5% as fresh Iran escalation short-circuits crypto rally,https://www.coindesk.com/markets/2026/03/13/bitcoin-quickly-drops-3-5-as-fresh-iran-escalation-short-circuits-crypto-rally,2026-03-13 16:30:53+00:00,BTC-USD,Neutral,3,3,2,0,0,Low,Positive,rally,drops,,,"Top scores are too close: Bullish=3, Bearish=2.",1.1,0.85,0.5,1.4025,1.4025
coindesk,One mysterious investor made $2.5 million profit in hours by betting big on the latest Trump gala news,https://www.coindesk.com/markets/2026/03/13/one-mysterious-investor-made-usd2-5-million-profit-in-hours-by-betting-big-on-the-latest-trump-gala-news,2026-03-13 16:16:36+00:00,MARKET,Neutral,0,0,0,0,0,Low,Neutral,,,,,No category keywords matched the headline.,1.1,0.85,0.5,0.0,0.0
coindesk,MoonPay introduces Ledger-secured AI crypto agents to address wallet key risks,https://www.coindesk.com/tech/2026/03/13/moonpay-introduces-ledger-secured-ai-crypto-agents-to-address-wallet-key-risks,2026-03-13 16:00:00+00:00,MARKET,Neutral,0,0,0,0,0,Low,Neutral,,,,,No category keywords matched the headline.,1.1,0.85,0.5,0.0,0.0
decrypt,PIP Labs Sheds Staff as Story Protocol Leans Into AI,https://decrypt.co/361027/pip-labs-sheds-staff-story-protocol-ai,2026-03-13 15:48:30+00:00,MARKET,Neutral,0,0,0,0,0,Low,Neutral,,,,,No category keywords matched the headline.,1.0,0.85,0.5,0.0,0.0
coindesk,"Ethereum Foundation publishes new mandate defining its role, core principles",https://www.coindesk.com/tech/2026/03/13/ethereum-foundation-publishes-new-mandate-defining-its-role-core-principles,2026-03-13 15:47:48+00:00,ETH-USD,Neutral,0,0,0,0,0,Low,Neutral,,,,,No category keywords matched the headline.,1.1,0.85,0.5,0.0,0.0
cointelegraph,Bitcoin miners saw the AI power crunch coming — and the nuclear revival,https://cointelegraph.com/news/ai-power-demand-nuclear-revival-bitcoin-mining?utm_source=rss_feed&utm_medium=rss&utm_campaign=rss_partner_inbound,2026-03-13 15:40:40+00:00,BTC-USD,Neutral,0,0,0,0,0,Low,Neutral,,,,,No category keywords matched the headline.,1.0,0.85,0.5,0.0,0.0
coindesk,"Stablecoins, bitcoin could reshape finance, Stanley Druckenmiller says",https://www.coindesk.com/business/2026/03/13/stablecoins-bitcoin-could-reshape-finance-stanley-druckenmiller-says,2026-03-13 15:28:28+00:00,BTC-USD,Neutral,0,0,0,0,0,Low,Neutral,,,,,No category keywords matched the headline.,1.1,0.85,0.5,0.0,0.0
coindesk,"Circle's USDC volumes top Tether's USDT for first time since 2019, prompting sell-side price target hike",https://www.coindesk.com/markets/2026/03/13/circle-s-usdc-volumes-top-tether-s-usdt-for-first-time-since-2019-prompting-sell-side-price-target-hike,2026-03-13 15:18:29+00:00,MARKET,Neutral,0,0,0,0,0,Low,Neutral,,,,,No category keywords matched the headline.,1.1,0.85,0.5,0.0,0.0
theblock,"Circle’s USDC overtakes USDT in ‘adjusted’ volume year-to-date, Mizuho says",https://www.theblock.co/post/393550/circles-usdc-overtakes-usdt-adjusted-volume-year-date-mizuho-says?utm_source=rss&utm_medium=rss,2026-03-13 15:13:41+00:00,MARKET,Neutral,0,0,0,0,0,Low,Neutral,,,,,No category keywords matched the headline.,1.1,0.85,0.5,0.0,0.0
theblock,TRUMP memecoin jumps 50% overnight after gala promotion as whales scoop up tokens,https://www.theblock.co/post/393548/trump-memecoin-jumps-50-overnight-gala-promotion-whales-scoop-tokens?utm_source=rss&utm_medium=rss,2026-03-13 15:07:10+00:00,MARKET,Bullish,2,2,0,0,0,Medium,Positive,jumps,,,,Bullish has the highest score with a clear margin.,1.1,0.85,0.75,1.4025,1.4025
cointelegraph,"Bitcoin price eyes $74K rematch as US PCE inflation boosts crypto, stocks",https://cointelegraph.com/news/bitcoin-price-eyes-74k-rematch-us-pce-inflation-boosts-crypto-stocks?utm_source=rss_feed&utm_medium=rss&utm_campaign=rss_partner_inbound,2026-03-13 14:58:30+00:00,BTC-USD,Neutral,0,0,0,0,0,Low,Neutral,,,,,No category keywords matched the headline.,1.0,0.85,0.5,0.0,0.0
decrypt,"Dubai’s Token2049, TON Crypto Conferences Canceled as Iran Conflict Rages On",https://decrypt.co/361013/dubai-token2049-ton-crypto-conferences-canceled-iran-conflict,2026-03-13 14:48:23+00:00,MARKET,Neutral,0,0,0,0,0,Low,Neutral,,,,,No category keywords matched the headline.,1.0,0.85,0.5,0.0,0.0
decrypt,"Trump Meme Coin, Render and Pi See Double-Digit Rallies as Bitcoin Rises",https://decrypt.co/361008/trump-render-pi-double-digit-gains-bitcoin-consolidation,2026-03-13 14:27:19+00:00,BTC-USD,Bullish,2,2,0,0,0,Medium,Positive,rises,,,,Bullish has the highest score with a clear margin.,1.0,0.85,0.75,1.275,1.275
coindesk,"Bitcoin rises to one-month high of $73,800, continuing to outperform since start of Iran war",https://www.coindesk.com/markets/2026/03/13/bitcoin-rises-to-usd73-300-continuing-to-outperform-since-iran-war-and-taking-aim-at-one-month-high,2026-03-13 14:27:11+00:00,BTC-USD,Bullish,2,2,0,0,0,Medium,Positive,rises,,,,Bullish has the highest score with a clear margin.,1.1,0.85,0.75,1.4025,1.4025
cointelegraph,Crypto millionaire’s Nevis project offers residents $100 a month: FT,https://cointelegraph.com/news/bitcoiner-accused-bribery-nevis-residents?utm_source=rss_feed&utm_medium=rss&utm_campaign=rss_partner_inbound,2026-03-13 14:15:12+00:00,MARKET,Neutral,0,0,0,0,0,Low,Neutral,,,,,No category keywords matched the headline.,1.0,0.85,0.5,0.0,0.0
coindesk,"U.S. sanctions 6 people, 2 companies that laundered $800 million in crypto for North Korea",https://www.coindesk.com/business/2026/03/13/u-s-sanctions-6-people-2-companies-that-laundered-usd800-million-in-crypto-for-north-korea,2026-03-13 14:00:26+00:00,MARKET,Neutral,0,0,0,0,0,Low,Neutral,,,,,No category keywords matched the headline.,1.1,0.85,0.5,0.0,0.0
cointelegraph,DOJ and Europol take down SocksEscort network tied to crypto fraud,https://cointelegraph.com/news/doj-europol-dismantle-socks-escort-proxy-network?utm_source=rss_feed&utm_medium=rss&utm_campaign=rss_partner_inbound,2026-03-13 13:59:35+00:00,MARKET,Security,5,0,0,0,5,High,Negative,,,,fraud,Security-related keywords strongly dominate the headline.,1.0,0.85,1.0,4.25,-4.25
cointelegraph,Yield-bearing stablecoins surge as Washington fights over yield,https://cointelegraph.com/news/yield-bearing-stablecoins-surge-washington-fights-over-yield?utm_source=rss_feed&utm_medium=rss&utm_campaign=rss_partner_inbound,2026-03-13 13:48:55+00:00,MARKET,Bullish,3,3,0,0,0,Medium,Positive,surge,,,,Bullish has the highest score with a clear margin.,1.0,0.85,0.75,1.9125,1.9125
bitcoin_magazine,"Bitcoin Price Reclaims $73,000 as War Shakes Markets, Outperforming Gold and Stocks",https://bitcoinmagazine.com/news/bitcoin-price-73000-as-war-shakes-market,2026-03-13 13:40:41+00:00,BTC-USD,Neutral,0,0,0,0,0,Low,Neutral,,,,,No category keywords matched the headline.,0.95,0.85,0.5,0.0,0.0
cointelegraph,"UK central bank is warming up to stablecoins, but says industry input is lacking",https://cointelegraph.com/news/uk-central-bank-stablecoin-industry-input-lacking?utm_source=rss_feed&utm_medium=rss&utm_campaign=rss_partner_inbound,2026-03-13 13:30:00+00:00,MARKET,Neutral,0,0,0,0,0,Low,Neutral,,,,,No category keywords matched the headline.,1.0,0.85,0.5,0.0,0.0
coindesk,CoinDesk 20 performance update: index jumps 3.7% as all constituents climb higher,https://www.coindesk.com/coindesk-indices/2026/03/13/coindesk-20-performance-update-index-jumps-3-7-as-all-constituents-climb-higher,2026-03-13 13:14:46+00:00,MARKET,Bullish,5,5,0,0,0,High,Positive,"update, jumps, climb",,,,Bullish has the highest score with a clear margin.,1.1,0.85,1.0,4.675,4.675
theblock,Unified lending-trading DeFi protocol Ammalgam launches strategy Vaults,https://www.theblock.co/post/393308/unified-lending-trading-defi-protocol-ammalgam-launches-mainnet-vaults?utm_source=rss&utm_medium=rss,2026-03-13 13:01:02+00:00,MARKET,Neutral,0,0,0,0,0,Low,Neutral,,,,,No category keywords matched the headline.,1.1,0.85,0.5,0.0,0.0
cointelegraph,Prediction markets will scale as far as their resolution infrastructure allows,https://cointelegraph.com/news/prediction-markets-scale-resolution-infrastructure?utm_source=rss_feed&utm_medium=rss&utm_campaign=rss_partner_inbound,2026-03-13 12:30:00+00:00,MARKET,Neutral,0,0,0,0,0,Low,Neutral,,,,,No category keywords matched the headline.,1.0,0.85,0.5,0.0,0.0
theblock,TOKEN2049 Dubai moved to 2027 amid heightened security risks in UAE,https://www.theblock.co/post/393543/token2049-dubai-moved-to-2027-amid-heightened-security-risks-in-uae?utm_source=rss&utm_medium=rss,2026-03-13 12:28:21+00:00,MARKET,Neutral,0,0,0,0,0,Low,Neutral,,,,,No category keywords matched the headline.,1.1,0.85,0.5,0.0,0.0
theblock,"Iran war oil shock more likely to affect Bitcoin miners through BTC price than energy costs, analysts say",https://www.theblock.co/post/393531/iran-war-oil-shock-more-likely-to-affect-bitcoin-miners-through-btc-price-than-energy-costs-analysts-say?utm_source=rss&utm_medium=rss,2026-03-13 12:04:52+00:00,BTC-USD,Neutral,0,0,0,0,0,Low,Neutral,,,,,No category keywords matched the headline.,1.1,0.85,0.5,0.0,0.0
coindesk,Vitalik Buterin recounts how shiba inu tokens became a $1 billion AI policy war chest,https://www.coindesk.com/markets/2026/03/14/vitalik-buterin-recounts-how-shiba-inu-tokens-became-a-usd1-billion-ai-policy-war-chest,2026-03-13 12:00:58+00:00,MARKET,Regulatory,2,0,0,2,0,Medium,Neutral,,,policy,,Regulatory has the highest score with a clear margin.,1.1,0.85,0.75,1.4025,0.0
coindesk,Bitcoin's building steam and a $3 billion trigger could make it wild,https://www.coindesk.com/daybook-us/2026/03/13/bitcoin-s-building-steam-and-a-usd3-billion-trigger-could-make-it-wild,2026-03-13 11:28:40+00:00,BTC-USD,Neutral,0,0,0,0,0,Low,Neutral,,,,,No category keywords matched the headline.,1.1,0.85,0.5,0.0,0.0
cointelegraph,Here’s why XRP bulls see an ‘explosive run’ to $2.55 next,https://cointelegraph.com/news/here-s-why-xrp-bulls-see-an-explosive-run-to-2-55?utm_source=rss_feed&utm_medium=rss&utm_campaign=rss_partner_inbound,2026-03-13 11:19:24+00:00,XRP-USD,Neutral,0,0,0,0,0,Low,Neutral,,,,,No category keywords matched the headline.,1.0,0.85,0.5,0.0,0.0
theblock,Vitalik Buterin questions political pivot by AI safety group that cashed out roughly $500M from his SHIB donation,https://www.theblock.co/post/393525/vitalik-buterin-questions-political-pivot-by-ai-safety-group-that-cashed-out-roughly-500m-from-his-shib-donation?utm_source=rss&utm_medium=rss,2026-03-13 11:12:08+00:00,MARKET,Neutral,0,0,0,0,0,Low,Neutral,,,,,No category keywords matched the headline.,1.1,0.85,0.5,0.0,0.0
cryptonews,JPMorgan Flags Sharp Divergence Between Bitcoin and Gold ETF Flows Since Iran War,https://cryptonews.com/news/jpmorgan-bitcoin-gold-etf-divergence-iran-war/,2026-03-13 10:52:54+00:00,BTC-USD,Regulatory,2,0,0,2,0,Medium,Neutral,,,etf,,Regulatory has the highest score with a clear margin.,0.95,0.85,0.75,1.2112,0.0
theblock,US sanctions DPRK IT facilitators over crypto transactions in $800 million scheme,https://www.theblock.co/post/393518/us-sanctions-dprk-facilitators?utm_source=rss&utm_medium=rss,2026-03-13 09:07:23+00:00,MARKET,Neutral,0,0,0,0,0,Low,Neutral,,,,,No category keywords matched the headline.,1.1,0.85,0.5,0.0,0.0
cryptonews,BlackRock Launches iShares Staked Ethereum Trust  With 82% Rewards,https://cryptonews.com/news/blackrock-launches-ishares-staked-ethereum-trust-ethb/,2026-03-13 09:05:41+00:00,ETH-USD,Neutral,0,0,0,0,0,Low,Neutral,,,,,No category keywords matched the headline.,0.95,0.85,0.5,0.0,0.0
theblock,Singapore-based MetaComp raises $35 million in funding backed by Alibaba,https://www.theblock.co/post/393509/metacomp-raises-35-million-alibaba?utm_source=rss&utm_medium=rss,2026-03-13 08:40:17+00:00,MARKET,Bullish,2,2,0,0,0,Medium,Positive,funding,,,,Bullish has the highest score with a clear margin.,1.1,0.85,0.75,1.4025,1.4025
theblock,"HSBC, Standard Chartered to be first recipients of Hong Kong stablecoin licenses: reports",https://www.theblock.co/post/393502/hsbc-standard-chartered-hong-kong-stablecoin?utm_source=rss&utm_medium=rss,2026-03-13 08:03:32+00:00,MARKET,Neutral,0,0,0,0,0,Low,Neutral,,,,,No category keywords matched the headline.,1.1,0.85,0.5,0.0,0.0
cryptonews,AAVE Crypto Swap Costs Nearly $50M Lost: ETH MEV Pocketed $9.9M,https://cryptonews.com/news/crypto-whale-loses-50-million-usdt-for-aave-crypto/,2026-03-13 07:11:33+00:00,ETH-USD,Neutral,0,0,0,0,0,Low,Neutral,,,,,No category keywords matched the headline.,0.95,0.85,0.5,0.0,0.0
theblock,BlackRock’s staked Ethereum ETF records over $15.5 million volume on first day,https://www.theblock.co/post/393497/blackrock-staked-ethereum-etf-first-day?utm_source=rss&utm_medium=rss,2026-03-13 07:09:15+00:00,ETH-USD,Regulatory,2,0,0,2,0,Medium,Neutral,,,etf,,Regulatory has the highest score with a clear margin.,1.1,0.85,0.75,1.4025,0.0
decrypt,"CFTC Moves to Rein In Prediction Markets With Guidance, Rulemaking Review",https://decrypt.co/360974/cftc-rein-in-prediction-markets-guidance-rulemaking-review,2026-03-13 06:15:07+00:00,MARKET,Regulatory,3,0,0,3,0,Medium,Neutral,,,cftc,,Regulatory has the highest score with a clear margin.,1.0,0.85,0.75,1.9125,0.0
decrypt,Adobe CEO Narayen Plans Exit as Tech Firms Restructure Around AI,https://decrypt.co/360972/adobe-ceo-narayen-plans-exit-tech-firms-restructure-ai,2026-03-13 04:46:20+00:00,MARKET,Neutral,0,0,0,0,0,Low,Neutral,,,,,No category keywords matched the headline.,1.0,0.85,0.5,0.0,0.0
theblock,Senate leader says Clarity Act unlikely to advance before April: report,https://www.theblock.co/post/393492/clarity-act-unlikely-before-april?utm_source=rss&utm_medium=rss,2026-03-13 04:40:58+00:00,MARKET,Neutral,0,0,0,0,0,Low,Neutral,,,,,No category keywords matched the headline.,1.1,0.85,0.5,0.0,0.0
decrypt,Why Bitcoin's Price Is at a Weekly High Despite Middle East Tensions,https://decrypt.co/360969/bitcoin-weekly-hig-middle-east-tensions-lift-oil-pressure-equities,2026-03-13 03:43:48+00:00,BTC-USD,Neutral,0,0,0,0,0,Low,Neutral,,,,,No category keywords matched the headline.,1.0,0.85,0.5,0.0,0.0
theblock,SEC working on ‘narrower’ exemption for tokenized securities: Hester Peirce,https://www.theblock.co/post/393487/sec-narrower-exemption-tokenized-securities?utm_source=rss&utm_medium=rss,2026-03-13 03:08:19+00:00,MARKET,Regulatory,3,0,0,3,0,Medium,Neutral,,,sec,,Regulatory has the highest score with a clear margin.,1.1,0.85,0.75,2.1038,0.0
decrypt,White House Calls for Retraction of ABC Report Over Iran Drone Threat,https://decrypt.co/360966/white-house-retraction-abc-report-iran-drone-threat,2026-03-13 02:04:57+00:00,MARKET,Neutral,0,0,0,0,0,Low,Neutral,,,,,No category keywords matched the headline.,1.0,0.85,0.5,0.0,0.0
cryptonews,Solana Price Prediction: Mastercard Just Picked Solana for a Global Crypto Program — Is SOL About to Explode?,https://cryptonews.com/news/solana-price-prediction-mastercard-just-picked-solana-for-a-global-crypto-program-is-sol-about-to-explode/,2026-03-13 02:00:00+00:00,SOL-USD,Neutral,0,0,0,0,0,Low,Neutral,,,,,No category keywords matched the headline.,0.95,0.85,0.5,0.0,0.0
cryptonews,Ethereum Price Prediction: Vitalik Just Revealed the 3 Rules That Could Change ETH Forever,https://cryptonews.com/news/ethereum-price-prediction-vitalik-just-revealed-the-3-rules-that-could-change-eth-forever/,2026-03-13 01:00:00+00:00,ETH-USD,Neutral,0,0,0,0,0,Low,Neutral,,,,,No category keywords matched the headline.,0.95,0.85,0.5,0.0,0.0
bitcoin_magazine,"Strategy (MSTR) Bought Over 4,000 Bitcoin Today via STRC As Strong Week Continues",https://bitcoinmagazine.com/news/strategy-mstr-bought-over-4000-bitcoin,2026-03-12 23:00:15+00:00,BTC-USD,Neutral,1,1,0,0,0,Low,Positive,strong,,,,"Top scores are too close: Bullish=1, Bearish=0.",0.95,0.7,0.5,0.3325,0.3325
decrypt,"Crypto Trader Loses Nearly $50M in Aave Trade, Protocol Offers $600K Fee Refund",https://decrypt.co/360961/crypto-trader-loses-nearly-50m-aave-trade-600k-fee-refund,2026-03-12 22:49:05+00:00,MARKET,Neutral,0,0,0,0,0,Low,Neutral,,,,,No category keywords matched the headline.,1.0,0.7,0.5,0.0,0.0
cryptonews,"Crypto Price Prediction Today 12 March – XRP, Bitcoin, Ethereum",https://cryptonews.com/news/crypto-price-prediction-today-12-march-xrp-bitcoin-ethereum/,2026-03-12 22:35:00+00:00,BTC-USD,Neutral,0,0,0,0,0,Low,Neutral,,,,,No category keywords matched the headline.,0.95,0.7,0.5,0.0,0.0
cryptonews,"New ChatGPT Predicts the Price of XRP, Solana and Shiba Inu by The End of 2026",https://cryptonews.com/news/new-chatgpt-predicts-the-price-of-xrp-solana-and-shiba-inu-by-the-end-of-2026/,2026-03-12 22:30:00+00:00,SOL-USD,Neutral,0,0,0,0,0,Low,Neutral,,,,,No category keywords matched the headline.,0.95,0.7,0.5,0.0,0.0
cryptonews,VanEck Says Bitcoin Miners Are ‘Sitting on a Gold Mine’ as AI Demand Surges,https://cryptonews.com/news/vaneck-bitcoin-miners-gold-mine-ai-demand/,2026-03-12 22:15:00+00:00,BTC-USD,Neutral,0,0,0,0,0,Low,Neutral,,,,,No category keywords matched the headline.,0.95,0.7,0.5,0.0,0.0
decrypt,Google's New AI Tool Predicts Flash Floods Up to 24 Hours in Advance,https://decrypt.co/360946/google-gemini-groundsource-flash-flood-prediction-24-hours,2026-03-12 22:09:01+00:00,MARKET,Neutral,0,0,0,0,0,Low,Neutral,,,,,No category keywords matched the headline.,1.0,0.7,0.5,0.0,0.0
cryptonews,"Bitcoin Price Prediction: Elon Musk’s X Money Could Beat Bitcoin, Claims Famous Analyst",https://cryptonews.com/news/bitcoin-price-prediction-elon-musks-x-money-could-beat-bitcoin-claims-famous-analyst/,2026-03-12 21:29:26+00:00,BTC-USD,Neutral,0,0,0,0,0,Low,Neutral,,,,,No category keywords matched the headline.,0.95,0.7,0.5,0.0,0.0
decrypt,President Trump Is Hosting Another Exclusive Event for Meme Coin Holders,https://decrypt.co/360954/president-trump-hosting-another-exclusive-event-meme-coin-holders,2026-03-12 20:49:01+00:00,MARKET,Neutral,0,0,0,0,0,Low,Neutral,,,,,No category keywords matched the headline.,1.0,0.7,0.5,0.0,0.0
bitcoin_magazine,David Bailey Confirmed As A Bitcoin 2026 Speaker,https://bitcoinmagazine.com/conference/david-bailey-confirmed-as-a-bitcoin-2026-speaker,2026-03-12 20:25:02+00:00,BTC-USD,Neutral,0,0,0,0,0,Low,Neutral,,,,,No category keywords matched the headline.,0.95,0.7,0.5,0.0,0.0
decrypt,"Bitcoin Quantum Threat Is Real But Not Imminent, Says Cathie Wood's Ark Invest",https://decrypt.co/360945/bitcoin-quantum-threat-real-not-imminent-cathie-wood-ark-invest,2026-03-12 20:16:02+00:00,BTC-USD,Neutral,0,0,0,0,0,Low,Neutral,,,,,No category keywords matched the headline.,1.0,0.7,0.5,0.0,0.0
bitcoin_magazine,Policy Group Calls for Bitcoin Inclusion in Proposed Crypto Tax Exemption,https://bitcoinmagazine.com/news/policy-group-calls-for-bitcoin-inclusion,2026-03-12 18:47:40+00:00,BTC-USD,Regulatory,2,0,0,2,0,Medium,Neutral,,,policy,,Regulatory has the highest score with a clear margin.,0.95,0.7,0.75,0.9975,0.0
decrypt,Nvidia Drops Nemotron 3 Super Amid $26 Billion Open-Model AI Bet—America's Answer to Qwen?,https://decrypt.co/360929/nvidia-drops-nemotron-3-super-26-billion-open-model-ai-bet,2026-03-12 18:46:02+00:00,MARKET,Bearish,2,0,2,0,0,Medium,Negative,,drops,,,Bearish has the highest score with a clear margin.,1.0,0.7,0.75,1.05,-1.05
decrypt,"Optimism Team Lays Off 20 Employees Amid Ethereum Scaling Shifts, Base Migration Plans",https://decrypt.co/360921/optimism-layoffs-amid-ethereum-scaling-shifts-base-migration,2026-03-12 18:21:21+00:00,ETH-USD,Bullish,2,2,0,0,0,Medium,Positive,scaling,,,,Bullish has the highest score with a clear margin.,1.0,0.7,0.75,1.05,1.05
decrypt,"Authorities Freeze $3.5M in Crypto as Europol, DOJ Disrupt ‘SocksEscort’ Proxy Network",https://decrypt.co/360923/authorities-freeze-3-5m-in-crypto-as-europol-doj-disrupt-socksescort-proxy-network,2026-03-12 18:04:29+00:00,MARKET,Neutral,0,0,0,0,0,Low,Neutral,,,,,No category keywords matched the headline.,1.0,0.7,0.5,0.0,0.0
decrypt,Stablecoins Have ‘Increasing Relevance’ in Illicit Amazon Gold Trade: GI-TOC,https://decrypt.co/360887/stablecoins-have-increasing-relevance-in-illicit-amazon-gold-trade-gi-toc,2026-03-12 18:01:02+00:00,MARKET,Neutral,0,0,0,0,0,Low,Neutral,,,,,No category keywords matched the headline.,1.0,0.7,0.5,0.0,0.0
decrypt,Bitcoin Is Rising While Bonds and Stocks Struggle—Here's Why,https://decrypt.co/360888/bitcoin-rising-bonds-stocks-struggle-why-coinshares,2026-03-12 17:57:09+00:00,BTC-USD,Neutral,0,0,0,0,0,Low,Neutral,,,,,No category keywords matched the headline.,1.0,0.7,0.5,0.0,0.0
bitcoin_magazine,"Paraguay Adopts Stricter Crypto Oversight, Mandates Detailed Transaction on Bitcoin Reporting",https://bitcoinmagazine.com/news/paraguay-adopts-stricter-crypto-oversight,2026-03-12 17:56:36+00:00,BTC-USD,Neutral,0,0,0,0,0,Low,Neutral,,,,,No category keywords matched the headline.,0.95,0.7,0.5,0.0,0.0
decrypt,JPMorgan Sued for Allegedly Enabling $328 Million Crypto 'Ponzi Scheme',https://decrypt.co/360908/jpmorgan-sued-328-million-crypto-ponzi-scheme,2026-03-12 17:17:30+00:00,MARKET,Neutral,0,0,0,0,0,Low,Neutral,,,,,No category keywords matched the headline.,1.0,0.7,0.5,0.0,0.0
bitcoin_magazine,Corporate Bitcoin Holdings Hit Record High as Institutions Accumulate 2.8x Mining Supply: Report,https://bitcoinmagazine.com/news/corporate-bitcoin-holdings-hit-record-high,2026-03-12 17:06:50+00:00,BTC-USD,Bullish,2,2,0,0,0,Medium,Positive,record,,,,Bullish has the highest score with a clear margin.,0.95,0.7,0.75,0.9975,0.9975
decrypt,How Alkimi is Fixing the ‘Opaque’ Online Advertising Model With AdFi,https://decrypt.co/360864/how-alkimi-is-fixing-the-opaque-online-advertising-model-with-adfi,2026-03-12 17:00:09+00:00,MARKET,Neutral,0,0,0,0,0,Low,Neutral,,,,,No category keywords matched the headline.,1.0,0.7,0.5,0.0,0.0
decrypt,Senate Overwhelmingly Passes CBDC Ban Attached to Bipartisan Housing Bill,https://decrypt.co/360905/senate-overwhelmingly-passes-cbdc-ban-bipartisan-housing-bill,2026-03-12 16:59:38+00:00,MARKET,Regulatory,4,0,0,4,0,Medium,Neutral,,,ban,,Regulatory has the highest score with a clear margin.,1.0,0.7,0.75,2.1,0.0
decrypt,BitMine's Tom Lee Joins Eightco Board as ORBS Stock Jumps on $125 Million Fundraise,https://decrypt.co/360894/bitmines-tom-lee-joins-eightco-board-stock-jumps-125m-fundraise,2026-03-12 16:38:04+00:00,MARKET,Bullish,2,2,0,0,0,Medium,Positive,jumps,,,,Bullish has the highest score with a clear margin.,1.0,0.7,0.75,1.05,1.05
bitcoin_magazine,3rd Bitcoin Golf Championship Lands at Bali Hai Golf Club Before Bitcoin 2026 Vegas Conference,https://bitcoinmagazine.com/industry-events/3rd-bitcoin-golf-championship-lands-at-bali-hai-golf-club-before-bitcoin-2026-conference,2026-03-12 14:29:00+00:00,BTC-USD,Neutral,0,0,0,0,0,Low,Neutral,,,,,No category keywords matched the headline.,0.95,0.7,0.5,0.0,0.0
bitcoin_magazine,Binance: U.S. Midterms Historically Followed by Strong Bitcoin Gains,https://bitcoinmagazine.com/news/binance-u-s-midterms-bitcoin-gains,2026-03-12 14:19:18+00:00,BTC-USD,Bullish,3,3,0,0,0,Medium,Positive,"strong, gains",,,,Bullish has the highest score with a clear margin.,0.95,0.7,0.75,1.4962,1.4962
decrypt,Tether Backs Ark Labs’ $5.2 Million Bet on Bitcoin’s Stablecoin Revival,https://decrypt.co/360773/tether-backs-ark-labs-bet-on-bitcoins-stablecoin-revival,2026-03-12 13:01:17+00:00,BTC-USD,Neutral,0,0,0,0,0,Low,Neutral,,,,,No category keywords matched the headline.,1.0,0.7,0.5,0.0,0.0
decrypt,MoonPay X Games League Athletes Will Be Offered Exodus Stablecoin Bonus,https://decrypt.co/360762/moonpay-offers-stablecoin-bonuses-athletes-x-games-league-push,2026-03-12 13:01:07+00:00,MARKET,Neutral,0,0,0,0,0,Low,Neutral,,,,,No category keywords matched the headline.,1.0,0.7,0.5,0.0,0.0
decrypt,New BlackRock Staked Ethereum Fund to Pay 82% of Rewards to Investors,https://decrypt.co/360756/new-blackrock-staked-ethereum-fund,2026-03-12 13:00:51+00:00,ETH-USD,Neutral,0,0,0,0,0,Low,Neutral,,,,,No category keywords matched the headline.,1.0,0.7,0.5,0.0,0.0
decrypt,Singapore Jails Man Over $6.9M SafeX Crypto Theft Case,https://decrypt.co/360861/singapore-jails-man-over-6-9m-safex-crypto-theft-case,2026-03-12 12:27:19+00:00,MARKET,Security,5,0,0,0,5,High,Negative,,,,theft,Security-related keywords strongly dominate the headline.,1.0,0.7,1.0,3.5,-3.5
decrypt,"Morning Minute: Ripple Buybacks, Across Explores Token-to-Equity Swaps",https://decrypt.co/360856/morning-minute-ripple-buy-backs-across-explores-token-to-equity-swaps,2026-03-12 12:05:44+00:00,XRP-USD,Neutral,0,0,0,0,0,Low,Neutral,,,,,No category keywords matched the headline.,1.0,0.7,0.5,0.0,0.0
decrypt,Bitcoin Recovers Above $70K as Tanker Attacks Push Oil Back Over $100,https://decrypt.co/360845/bitcoin-recovers-above-70k-as-tanker-attacks-push-oil-back-over-100,2026-03-12 11:54:30+00:00,BTC-USD,Neutral,0,0,0,0,0,Low,Neutral,,,,,No category keywords matched the headline.,1.0,0.7,0.5,0.0,0.0
